id,name,code,township_id:id,name_mm
town_001001701,Myitkyina Town,MMR001001701,township_001001,မြစ်ကြီးနား
town_001001702,Sinbo Town,MMR001001702,township_001001,ဆင်ဘို
town_001002701,Waingmaw Town,MMR001002701,township_001002,ဝိုင်းမော်
town_001002702,Sadung Town,MMR001002702,township_001002,ဆဒုံး
town_001002703,Kan Paik Ti Town,MMR001002703,township_001002,ကန်ပိုက်တီ
town_001003701,Injangyang Town,MMR001003701,township_001003,အင်ဂျန်းယန်
town_001004701,Tanai Town,MMR001004701,township_001004,တနိုင်း
town_001004702,Shin Bway Yang Town,MMR001004702,township_001004,ရှင်ဗွေယန်
town_001005701,Chipwi Town,MMR001005701,township_001005,ချီဖွေ
town_001005702,Pang War Town,MMR001005702,township_001005,ပန်ဝါ
town_001006701,Tsawlaw Town,MMR001006701,township_001006,ဆော့လော်
town_001007701,Mohnyin Town,MMR001007701,township_001007,မိုးညှင်း
town_001007702,Hopin Town,MMR001007702,township_001007,ဟိုပင်
town_001007703,Inn Taw Gyi Town,MMR001007703,township_001007,အင်းတော်ကြီး
town_001007704,Nam Mun Town,MMR001007704,township_001007,နန့်မွန်း
town_001007705,Nam Mar Town,MMR001007705,township_001007,နန်းမား
town_001008701,Mogaung Town,MMR001008701,township_001008,မိုးကောင်း
town_001008702,Nammatee Town,MMR001008702,township_001008,နမ္မတီး
town_001009701,Hpakant Town,MMR001009701,township_001009,ဖားကန့်
town_001009702,Kamaing Town,MMR001009702,township_001009,ကာမိုင်း
town_001010701,Bhamo Town,MMR001010701,township_001010,ဗန်းမော်
town_001011701,Shwegu Town,MMR001011701,township_001011,ရွှေကူ
town_001011702,Myo Hla Town,MMR001011702,township_001011,မြို့လှ
town_001012701,Momauk Town,MMR001012701,township_001012,မိုးမောက်
town_001012702,Lwegel Town,MMR001012702,township_001012,လွယ်ဂျယ်
town_001012703,Dawthponeyan Town,MMR001012703,township_001012,ဒေါ့ဖုန်းယန်
town_001013701,Mansi Town,MMR001013701,township_001013,မံစီ
town_001014701,Puta-O Town,MMR001014701,township_001014,ပူတာအို
town_001015701,Sumprabum Town,MMR001015701,township_001015,ဆွမ်ပရာဘွမ်
town_001016701,Machanbaw Town,MMR001016701,township_001016,မချမ်းဘော
town_001017701,Nawngmun Town,MMR001017701,township_001017,နောင်မွန်း
town_001017702,Pannandin Town,MMR001017702,township_001017,ပန်နန်းဒင်
town_001018701,Khaunglanhpu Town,MMR001018701,township_001018,ခေါင်လန်ဖူး
town_002001701,Loikaw Town,MMR002001701,township_002001,လွိုင်ကော်
town_002001702,Loilen Lay Town,MMR002001702,township_002001,လွိုင်လင်လေး
town_002001703,Law Pi Ta Town,MMR002001703,township_002001,လောပိတ
town_002002701,Demoso Town,MMR002002701,township_002002,ဒီးမော့ဆို
town_002002702,Nan Mei Khon Town,MMR002002702,township_002002,နန်းမယ်ခုံ
town_002003701,Hpruso Town,MMR002003701,township_002003,ဖရူဆို
town_002004701,Shadaw Town,MMR002004701,township_002004,ရှားတော
town_002005701,Bawlake Town,MMR002005701,township_002005,ဘောလခဲ
town_002005702,Ywarthit Town,MMR002005702,township_002005,ရွာသစ်
town_002006701,Hpasawng Town,MMR002006701,township_002006,ဖားဆောင်း
town_002007701,Mese Town,MMR002007701,township_002007,မယ်စဲ
town_003001701,Hpa-An Town,MMR003001701,township_003001,ဘားအံ
town_003002701,Hlaingbwe Town,MMR003002701,township_003002,လှိုင်းဘွဲ့
town_003002702,Paingkyon Town,MMR003002702,township_003002,ပိုင်ကျုံ
town_003002703,Shan Ywar Thit Town,MMR003002703,township_003002,ရှမ်းရွာသစ်
town_003003701,Hpapun Town,MMR003003701,township_003003,ဖာပွန်
town_003003702,Kamarmaung Town,MMR003003702,township_003003,ကမမောင်း
town_003004701,Thandaunggyi Town,MMR003004701,township_003004,သံတောင်ကြီး
town_003004702,Thandaung Town,MMR003004702,township_003004,သံတောင်
town_003004703,Leik Tho Town,MMR003004703,township_003004,လိပ်သို
town_003004704,Baw Ga Li Town,MMR003004704,township_003004,ဘောဂလိ
town_003005701,Myawaddy Town,MMR003005701,township_003005,မြဝတီ
town_003005702,Su Ka Li Town,MMR003005702,township_003005,စုကလိ
town_003005703,Waw Lay Myaing (Waw Lay) Town,MMR003005703,township_003005,​ဝေါလေမြိုင် (ဝေါလေ)
town_003006701,Kawkareik Town,MMR003006701,township_003006,ကော့ကရိတ်
town_003006702,Kyondoe Town,MMR003006702,township_003006,ကျုံဒိုး
town_003007701,Kyainseikgyi Town,MMR003007701,township_003007,ကြာအင်းဆိပ်ကြီး
town_003007702,Hpayarthonesu Town,MMR003007702,township_003007,ဘုရားသုံးဆူ
town_003007703,Kyaikdon Town,MMR003007703,township_003007,ကျိုက်ဒုံ
town_004001701,Falam Town,MMR004001701,township_004001,ဖလမ်း
town_004001702,Rihkhawdar Town,MMR004001702,township_004001,ရိခေါ်ဒါရ်
town_004001703,Webula Town,MMR004001703,township_004001,ဝေဘူလ
town_004002701,Hakha Town,MMR004002701,township_004002,ဟားခါး
town_004002702,Surkhua Town,MMR004002702,township_004002,ဆူရ်ခွား
town_004003701,Thantlang Town,MMR004003701,township_004003,ထန်တလန်
town_004003702,Hnaring Town,MMR004003702,township_004003,နှာဟရိန်
town_004004701,Tedim Town,MMR004004701,township_004004,တီးတိန်
town_004004702,Khaikam Town,MMR004004702,township_004004,ခိုင်ကမ်း
town_004005701,Tonzang Town,MMR004005701,township_004005,တွန်းဇန်
town_004005702,Cikha Town,MMR004005702,township_004005,ကျီခါး
town_004006701,Mindat Town,MMR004006701,township_004006,မင်းတပ်
town_004006702,M'kuiimnu Town,MMR004006702,township_004006,မကွီအိမ်နူး
town_004007701,Matupi Town,MMR004007701,township_004007,မတူပီ
town_004007702,Rezua Town,MMR004007702,township_004007,ရေဇွာ
town_004007703,Lalengpi Town,MMR004007703,township_004007,လိုင်လင်းပီ
town_004008701,Kanpetlet Town,MMR004008701,township_004008,ကန်ပက်လက်
town_004008702,Kyin Dway Town,MMR004008702,township_004008,ကျင်ဒွေး
town_004009701,Paletwa Town,MMR004009701,township_004009,ပလက်ဝ
town_004009702,Samee Town,MMR004009702,township_004009,ဆမီး
town_005001701,Sagaing Town,MMR005001701,township_005001,စစ်ကိုင်း
town_005001702,Sar Taung Town,MMR005001702,township_005001,ဆားတောင်
town_005002701,Myinmu Town,MMR005002701,township_005002,မြင်းမူ
town_005003701,Myaung Town,MMR005003701,township_005003,မြောင်
town_005004701,Shwebo Town,MMR005004701,township_005004,ရွှေဘို
town_005004702,Kyauk Myaung Town,MMR005004702,township_005004,​ကျောက်မြောင်း
town_005005701,Khin-U Town,MMR005005701,township_005005,ခင်ဦး
town_005006701,Wetlet Town,MMR005006701,township_005006,ဝက်လက်
town_005007701,Kanbalu Town,MMR005007701,township_005007,ကန့်ဘလူ
town_005007702,Zee Kone Town,MMR005007702,township_005007,ဇီးကုန်း
town_005008701,Kyunhla Town,MMR005008701,township_005008,ကျွန်းလှ
town_005009701,Ye-U Town,MMR005009701,township_005009,ရေဦး
town_005010701,Tabayin Town,MMR005010701,township_005010,ဒီပဲယင်း
town_005010702,Saing Pyin Town,MMR005010702,township_005010,စိုင်ပြင်
town_005011701,Taze Town,MMR005011701,township_005011,တန့်ဆည်
town_005012701,Monywa Town,MMR005012701,township_005012,မုံရွာ
town_005013701,Budalin Town,MMR005013701,township_005013,ဘုတလင်
town_005014701,Ayadaw Town,MMR005014701,township_005014,အရာတော်
town_005015701,Chaung-U Town,MMR005015701,township_005015,ချောင်းဦး
town_005016701,Yinmarbin Town,MMR005016701,township_005016,ယင်းမာပင်
town_005017701,Kani Town,MMR005017701,township_005017,ကနီ
town_005018701,Salingyi Town,MMR005018701,township_005018,ဆားလင်းကြီး
town_005019701,Pale Town,MMR005019701,township_005019,ပုလဲ
town_005020701,Katha Town,MMR005020701,township_005020,ကသာ
town_005021701,Indaw Town,MMR005021701,township_005021,အင်းတော်
town_005021702,Maw Lu Town,MMR005021702,township_005021,မော်လူး
town_005022701,Tigyaing Town,MMR005022701,township_005022,ထီးချိုင့်
town_005023701,Banmauk Town,MMR005023701,township_005023,ဗန်းမောက်
town_005024701,Kawlin Town,MMR005024701,township_005024,ကောလင်း
town_005025701,Wuntho Town,MMR005025701,township_005025,ဝန်းသို
town_005026701,Pinlebu Town,MMR005026701,township_005026,ပင်လည်ဘူး
town_005027701,Kale Town,MMR005027701,township_005027,ကလေး
town_005028701,Kalewa Town,MMR005028701,township_005028,ကလေးဝ
town_005029701,Mingin Town,MMR005029701,township_005029,မင်းကင်း
town_005030701,Tamu Town,MMR005030701,township_005030,တမူး
town_005030702,Myothit Town,MMR005030702,township_005030,မြို့သစ်
town_005030703,Khampat Town,MMR005030703,township_005030,ခါမ်းပါတ်
town_005031701,Mawlaik Town,MMR005031701,township_005031,မော်လိုက်
town_005032701,Paungbyin Town,MMR005032701,township_005032,ဖောင်းပြင်
town_005033701,Hkamti Town,MMR005033701,township_005033,ခန္တီး
town_005034701,Homalin Town,MMR005034701,township_005034,ဟုမ္မလင်း
town_005034702,Shwe Pyi Aye Town,MMR005034702,township_005034,ရွှေပြည်အေး
town_005034703,Mo Waing Lut Town,MMR005034703,township_005034,မိုဝိုင်းလွတ်
town_005035701,Layshi Town,MMR005035701,township_005035,လေရှီး
town_005035702,Mowailut Town,MMR005035702,township_005035,မိုပိုင်းလွတ်
town_005035703,Somra Town,MMR005035703,township_005035,ဆွမ္မရာ
town_005036701,Lahe Town,MMR005036701,township_005036,လဟယ်
town_005036702,Thangpakwe Town,MMR005036702,township_005036,ထန်ပါခွေ
town_005037701,Namyung Town,MMR005037701,township_005037,နန်းယွန်း
town_005037702,Pansau Town,MMR005037702,township_005037,ပန်ဆောင်
town_005037703,Dohi Town,MMR005037703,township_005037,ဒုံဟီး
town_006001701,Dawei Town,MMR006001701,township_006001,ထားဝယ်
town_006001702,Myitta Town,MMR006001702,township_006001,မေတ္တာ
town_006002701,Launglon Town,MMR006002701,township_006002,လောင်းလုံး
town_006003701,Thayetchaung Town,MMR006003701,township_006003,သရက်ချောင်း
town_006004701,Yebyu Town,MMR006004701,township_006004,ရေဖြူ
town_006004702,Kaleinaung Town,MMR006004702,township_006004,ကလိန်အောင်
town_006005701,Myeik Town,MMR006005701,township_006005,မြိတ်
town_006006701,Kyunsu Town,MMR006006701,township_006006,ကျွန်းစု
town_006007701,Palaw Town,MMR006007701,township_006007,ပုလော
town_006007702,Palauk Town,MMR006007702,township_006007,ပလောက်
town_006007703,Pala Town,MMR006007703,township_006007,ပလ
town_006008701,Tanintharyi Town,MMR006008701,township_006008,တနင်္သာရီ
town_006008702,Maw Taung Town,MMR006008702,township_006008,မောတောင်
town_006009701,Kawthoung Town,MMR006009701,township_006009,ကော့သောင်း
town_006009702,Khamaukgyi Town,MMR006009702,township_006009,ခမောက်ကြီး
town_006010701,Bokpyin Town,MMR006010701,township_006010,ဘုတ်ပြင်း
town_006010702,Pyigyimandaing Town,MMR006010702,township_006010,ပြည်ကြီးမဏ္ဍိုင်
town_006010703,Karathuri Town,MMR006010703,township_006010,ကရသူရိ
town_007001701,Bago Town,MMR007001701,township_007001,ပဲခူး
town_007001702,Hpayargyi Town,MMR007001702,township_007001,ဘုရားကြီး
town_007001703,Inntakaw Town,MMR007001703,township_007001,အင်းတကော်
town_007002701,Thanatpin Town,MMR007002701,township_007002,သနပ်ပင်
town_007003701,Kawa Town,MMR007003701,township_007003,ကဝ
town_007003702,Thetkala Town,MMR007003702,township_007003,သက္ကလ
town_007004701,Waw Town,MMR007004701,township_007004,ဝေါ
town_007005701,Nyaunglebin Town,MMR007005701,township_007005,ညောင်လေးပင်
town_007005702,Madauk Town,MMR007005702,township_007005,မဒေါက်
town_007005703,Pyuntasa Town,MMR007005703,township_007005,ပြွန်တန်ဆာ
town_007005704,Peinzalok Town,MMR007005704,township_007005,ပိန်းဇလုပ်
town_007006701,Kyauktaga Town,MMR007006701,township_007006,ကျောက်တံခါး
town_007006702,Penwegon Town,MMR007006702,township_007006,ပဲနွယ်ကုန်း
town_007006703,Hpa Do Town,MMR007006703,township_007006,ဖဒို
town_007007701,Daik-U Town,MMR007007701,township_007007,ဒိုက်ဦး
town_007008701,Shwegyin Town,MMR007008701,township_007008,ရွှေကျင်
town_007009701,Taungoo Town,MMR007009701,township_007009,တောင်ငူ
town_007009702,Kaytumati Town,MMR007009702,township_007009,ကေတုမတီ
town_007010701,Yedashe Town,MMR007010701,township_007010,ရေတာရှည်
town_007010702,Hswar Town,MMR007010702,township_007010,ဆွာ
town_007010703,Yae Ni Town,MMR007010703,township_007010,ရေနီ
town_007010704,Myo Hla Town,MMR007010704,township_007010,မြို့လှ
town_007011701,Kyaukkyi Town,MMR007011701,township_007011,ကျောက်ကြီး
town_007012701,Phyu Town,MMR007012701,township_007012,ဖြူး
town_007012702,Kanyutkwin Town,MMR007012702,township_007012,ကညွတ်ကွင်း
town_007012703,Zayyawadi Town,MMR007012703,township_007012,ဇေယျ၀တီ
town_007013701,Oktwin Town,MMR007013701,township_007013,အုတ်တွင်း
town_007013702,Kywe Pwe Town,MMR007013702,township_007013,ကျွဲပွဲ
town_007014701,Htantabin Town,MMR007014701,township_007014,ထန်းတပင်
town_008001701,Pyay Town,MMR008001701,township_008001,ပြည်
town_008001702,Paungdale Town,MMR008001702,township_008001,ပေါင်းတလည်
town_008002701,Paukkhaung Town,MMR008002701,township_008002,ပေါက်ခေါင်း
town_008003701,Padaung Town,MMR008003701,township_008003,ပန်းတောင်း
town_008003702,Oakshitpin Town,MMR008003702,township_008003,ဥရှစ်ပင်
town_008004701,Paungde Town,MMR008004701,township_008004,ပေါင်းတည်
town_008005701,Thegon Town,MMR008005701,township_008005,သဲကုန်း
town_008005702,Puteekone Town,MMR008005702,township_008005,ပုတီးကုန်း
town_008005703,Inn Ma Town,MMR008005703,township_008005,အင်းမ
town_008005704,Sin Mee Swea Town,MMR008005704,township_008005,ဆင်မြီးဆွဲ
town_008006701,Shwedaung Town,MMR008006701,township_008006,ရွှေတောင်
town_008007701,Thayarwady Town,MMR008007701,township_008007,သာယာဝတီ
town_008007702,Thonse Town,MMR008007702,township_008007,သုံးဆယ်
town_008008701,Letpadan Town,MMR008008701,township_008008,လက်ပံတန်း
town_008009701,Minhla Town,MMR008009701,township_008009,မင်းလှ
town_008009702,Sit Kwin Town,MMR008009702,township_008009,စစ်ကွင်း
town_008010701,Okpho Town,MMR008010701,township_008010,အုတ်ဖို
town_008010702,Oe Thei Kone Town,MMR008010702,township_008010,အိုးသည်ကုန်း
town_008011701,Zigon Town,MMR008011701,township_008011,ဇီးကုန်း
town_008012701,Nattalin Town,MMR008012701,township_008012,နတ်တလင်း
town_008012702,Tar Pun Town,MMR008012702,township_008012,တာပွန်
town_008013701,Monyo Town,MMR008013701,township_008013,မိုးညို
town_008014701,Gyobingauk Town,MMR008014701,township_008014,ကြို့ပင်ကောက်
town_009001701,Magway Town,MMR009001701,township_009001,မကွေး
town_009002701,Yenangyaung Town,MMR009002701,township_009002,ရေနံချောင်း
town_009003701,Chauk Town,MMR009003701,township_009003,ချောက်
town_009003702,Sa Lay Town,MMR009003702,township_009003,စလေ
town_009004701,Taungdwingyi Town,MMR009004701,township_009004,တောင်တွင်းကြီး
town_009005701,Myothit Town,MMR009005701,township_009005,မြို့သစ်
town_009006701,Natmauk Town,MMR009006701,township_009006,နတ်မောက်
town_009007701,Minbu Town,MMR009007701,township_009007,မင်းဘူး
town_009007702,Saku Town,MMR009007702,township_009007,စကု
town_009008701,Pwintbyu Town,MMR009008701,township_009008,ပွင့်ဖြူ
town_009009701,Ngape Town,MMR009009701,township_009009,ငဖဲ
town_009010701,Salin Town,MMR009010701,township_009010,စလင်း
town_009010702,Sinphyukyun Town,MMR009010702,township_009010,ဆင်ဖြူကျွန်း
town_009011701,Sidoktaya Town,MMR009011701,township_009011,စေတုတ္ထရာ
town_009012701,Thayet Town,MMR009012701,township_009012,သရက်
town_009013701,Minhla Town,MMR009013701,township_009013,မင်းလှ
town_009014701,Mindon Town,MMR009014701,township_009014,မင်းတုန်း
town_009015701,Kamma Town,MMR009015701,township_009015,ကံမ
town_009016701,Aunglan Town,MMR009016701,township_009016,အောင်လံ
town_009017701,Sinbaungwe Town,MMR009017701,township_009017,ဆင်ပေါင်ဝဲ
town_009018701,Pakokku Town,MMR009018701,township_009018,ပခုက္ကူ
town_009018702,Kamma Town,MMR009018702,township_009018,ကမ္မ
town_009018703,Myit Chay Town,MMR009018703,township_009018,မြစ်ခြေ
town_009019701,Yesagyo Town,MMR009019701,township_009019,ရေစကြို
town_009020701,Myaing Town,MMR009020701,township_009020,မြိုင်
town_009021701,Pauk Town,MMR009021701,township_009021,ပေါက်
town_009022701,Seikphyu Town,MMR009022701,township_009022,ဆိပ်ဖြူ
town_009023701,Gangaw Town,MMR009023701,township_009023,ဂန့်ဂေါ
town_009023702,Kyaw Town,MMR009023702,township_009023,ကျော
town_009024701,Tilin Town,MMR009024701,township_009024,ထီးလင်း
town_009025701,Saw Town,MMR009025701,township_009025,ဆော
town_009025702,Kyaukhtu Town,MMR009025702,township_009025,ကျောက်ထု
town_010000777,Mandalay City,MMR010000777,township_010001,မန္တလေး
town_010001701,Aungmyaythazan Town,MMR010001701,township_010001,အောင်မြေသာဇံ
town_010002701,Chanayethazan Town,MMR010002701,township_010002,ချမ်းအေးသာဇံ
town_010003701,Mahaaungmyay Town,MMR010003701,township_010003,မဟာအောင်မြေ
town_010004701,Chanmyathazi Town,MMR010004701,township_010004,ချမ်းမြသာစည်
town_010005701,Pyigyitagon Town,MMR010005701,township_010005,ပြည်ကြီးတံခွန်
town_010006701,Amarapura Town,MMR010006701,township_010006,အမရပူရ
town_010006702,Myitnge Town,MMR010006702,township_010006,မြစ်ငယ်
town_010007701,Patheingyi Town,MMR010007701,township_010007,ပုသိမ်ကြီး
town_010008701,Pyinoolwin Town,MMR010008701,township_010008,ပြင်ဦးလွင်
town_010009701,Madaya Town,MMR010009701,township_010009,မတ္တရာ
town_010010701,Singu Town,MMR010010701,township_010010,စဉ့်ကူး
town_010011701,Mogoke Town,MMR010011701,township_010011,မိုးကုတ်
town_010012701,Thabeikkyin Town,MMR010012701,township_010012,သပိတ်ကျင်း
town_010012702,Takaung Town,MMR010012702,township_010012,တကောင်း
town_010013701,Kyaukse Town,MMR010013701,township_010013,ကျောက်ဆည်
town_010014701,Sintgaing Town,MMR010014701,township_010014,စဉ့်ကိုင်
town_010015701,Myittha Town,MMR010015701,township_010015,မြစ်သား
town_010015702,Ku Me Town,MMR010015702,township_010015,ကူမဲ
town_010016701,Tada-U Town,MMR010016701,township_010016,တံတားဦး
town_010017701,Myingyan Town,MMR010017701,township_010017,မြင်းခြံ
town_010017702,Si Mee Khon Town,MMR010017702,township_010017,ဆီမီးခုံ
town_010018701,Taungtha Town,MMR010018701,township_010018,တောင်သာ
town_010019701,Natogyi Town,MMR010019701,township_010019,နွားထိုးကြီး
town_010020701,Kyaukpadaung Town,MMR010020701,township_010020,ကျောက်ပန်းတောင်း
town_010021701,Ngazun Town,MMR010021701,township_010021,ငါန်းဇွန်
town_010022701,Nyaung-U Town,MMR010022701,township_010022,ညောင်ဦး
town_010022702,Bagan Town,MMR010022702,township_010022,ပုဂံ
town_010022703,Ngathayauk Town,MMR010022703,township_010022,ငါ့သရောက်
town_010023701,Yamethin Town,MMR010023701,township_010023,ရမည်းသင်း
town_010024701,Pyawbwe Town,MMR010024701,township_010024,ပျော်ဘွယ်
town_010028701,Meiktila Town,MMR010028701,township_010028,မိတ္ထီလာ
town_010029701,Mahlaing Town,MMR010029701,township_010029,မလှိုင်
town_010030701,Thazi Town,MMR010030701,township_010030,သာစည်
town_010031701,Wundwin Town,MMR010031701,township_010031,ဝမ်းတွင်း
town_011001701,Mawlamyine Town,MMR011001701,township_011001,မော်လမြိုင်
town_011002701,Kyaikmaraw Town,MMR011002701,township_011002,ကျိုက်မရော
town_011003701,Chaungzon Town,MMR011003701,township_011003,ချောင်းဆုံ
town_011004701,Thanbyuzayat Town,MMR011004701,township_011004,သံဖြူဇရပ်
town_011004702,Kyaikkhami Town,MMR011004702,township_011004,ကျိုက္ခမီ
town_011005701,Mudon Town,MMR011005701,township_011005,မုဒုံ
town_011005702,Kamarwet Town,MMR011005702,township_011005,ကမာ၀က်
town_011006701,Ye Town,MMR011006701,township_011006,ရေး
town_011006702,Lamaing Town,MMR011006702,township_011006,လမိုင်း
town_011006703,Khawzar Town,MMR011006703,township_011006,ခေါဇာ
town_011007701,Thaton Town,MMR011007701,township_011007,သထုံ
town_011007702,Thuwunnawady Town,MMR011007702,township_011007,သုဝဏ္ဏဝတီ
town_011008701,Paung Town,MMR011008701,township_011008,ပေါင်
town_011008702,Zinkyaik Town,MMR011008702,township_011008,ဇင်းကျိုက်
town_011009701,Kyaikto Town,MMR011009701,township_011009,ကျိုက်ထို
town_011009702,Thein Za Yat Town,MMR011009702,township_011009,သိမ်ဇရပ်
town_011010701,Bilin Town,MMR011010701,township_011010,ဘီးလင်း
town_012001701,Sittwe Town,MMR012001701,township_012001,စစ်တွေ
town_012002701,Ponnagyun Town,MMR012002701,township_012002,ပုဏ္ဏားကျွန်း
town_012003701,Mrauk-U Town,MMR012003701,township_012003,မြောက်ဦး
town_012004701,Kyauktaw Town,MMR012004701,township_012004,ကျောက်တော်
town_012005701,Minbya Town,MMR012005701,township_012005,မင်းပြား
town_012006701,Myebon Town,MMR012006701,township_012006,မြေပုံ
town_012006702,Kanhtauntkyi Town,MMR012006702,township_012006,ကမ်းထောင့်ကြီး
town_012007701,Pauktaw Town,MMR012007701,township_012007,ပေါက်တော
town_012008701,Rathedaung Town,MMR012008701,township_012008,ရသေ့တောင်
town_012009701,Maungdaw Town,MMR012009701,township_012009,မောင်တော
town_012009702,Taungpyoletwea Town,MMR012009702,township_012009,တောင်ပြိုလက်ဝဲ
town_012009703,Kha Maung Seik Town,MMR012009703,township_012009,ခမောင်းဆိပ်
town_012009704,Myin Hlut Town,MMR012009704,township_012009,မြင်းလွှတ်
town_012010701,Buthidaung Town,MMR012010701,township_012010,ဘူးသီးတောင်
town_012011701,Kyaukpyu Town,MMR012011701,township_012011,ကျောက်ဖြူ
town_012011702,Sa Ne Town,MMR012011702,township_012011,စနဲ
town_012012701,Munaung Town,MMR012012701,township_012012,မာန်အောင်
town_012013701,Ramree Town,MMR012013701,township_012013,ရမ်းဗြဲ
town_012013702,Lay Taung Town,MMR012013702,township_012013,လေးတောင်
town_012014701,Ann Town,MMR012014701,township_012014,အမ်း
town_012014702,Tat Taung Town,MMR012014702,township_012014,တပ်တောင်
town_012015701,Thandwe Town,MMR012015701,township_012015,သံတွဲ
town_012015702,Ngapali Town,MMR012015702,township_012015,ငပလီ
town_012016701,Toungup Town,MMR012016701,township_012016,တောင်ကုတ်
town_012016702,Ma-Ei Town,MMR012016702,township_012016,မအီ
town_012016703,Tan Hlwe Ywar Ma Town,MMR012016703,township_012016,တန်းလွဲရွာမ
town_012017701,Gwa Town,MMR012017701,township_012017,ဂွ
town_012017702,Kyeintali Town,MMR012017702,township_012017,ကျိန္တလီ
town_013001701,Insein,MMR013001701,township_013001,အင်းစိန်
town_013002701,Mingaladon,MMR013002701,township_013002,မင်္ဂလာဒုံ
town_013002702,Htaukkyant Town,MMR013002702,township_013002,ထောက်ကြန့်
town_013003701,Hmawbi Town,MMR013003701,township_013003,မှော်ဘီ
town_013004701,Hlegu Town,MMR013004701,township_013004,လှည်းကူး
town_013005701,Taikkyi Town,MMR013005701,township_013005,တိုက်ကြီး
town_013005702,Okekan Town,MMR013005702,township_013005,ဥက္ကံ
town_013005703,Ahpyauk Town,MMR013005703,township_013005,အဖျောက်
town_013006701,Htantabin Town,MMR013006701,township_013006,ထန်းတပင်
town_013007701,Shwepyithar Town,MMR013007701,township_013007,ရွှေပြည်သာ
town_013008701,Hlaingtharya Town,MMR013008701,township_013008,လှိုင်သာယာ
town_013009701,Thingangyun,MMR013009701,township_013009,သင်္ဃန်းကျွန်း
town_013010701,Yankin,MMR013010701,township_013010,ရန်ကင်း
town_013011701,South Okkalapa,MMR013011701,township_013011,တောင်ဥက္ကလာပ
town_013012701,North Okkalapa,MMR013012701,township_013012,မြောက်ဥက္ကလာပ
town_013013701,Thaketa,MMR013013701,township_013013,သာကေတ
town_013014701,Dawbon,MMR013014701,township_013014,ဒေါပုံ
town_013015701,Tamwe,MMR013015701,township_013015,တာမွေ
town_013016701,Pazundaung,MMR013016701,township_013016,ပုဇွန်တောင်
town_013017701,Botahtaung,MMR013017701,township_013017,ဗိုလ်တထောင်
town_013018701,Dagon Myothit (South) Town,MMR013018701,township_013018,ဒဂုံမြို့သစ်(တောင်ပိုင်း)
town_013019701,Dagon Myothit (North) Town,MMR013019701,township_013019,ဒဂုံမြို့သစ်(မြောက်ပိုင်း)
town_013020701,Dagon Myothit (East),MMR013020701,township_013020,ဒဂုံမြို့သစ် (အရှေ့ပိုင်း)
town_013021701,Dagon Myothit (Seikkan),MMR013021701,township_013021,ဒဂုံမြို့သစ် (ဆိပ်ကမ်း)
town_013022701,Mingalartaungnyunt,MMR013022701,township_013022,မင်္ဂလာတောင်ညွန့်
town_013023701,Thanlyin Town,MMR013023701,township_013023,သန်လျင်
town_013024701,Kyauktan Town,MMR013024701,township_013024,ကျောက်တန်း
town_013024702,Tadar Town,MMR013024702,township_013024,တံတား
town_013025701,Thongwa Town,MMR013025701,township_013025,သုံးခွ
town_013026701,Kayan Town,MMR013026701,township_013026,ခရမ်း
town_013027701,Twantay Town,MMR013027701,township_013027,တွံတေး
town_013028701,Kawhmu Town,MMR013028701,township_013028,ကော့မှူး
town_013029701,Kungyangon Town,MMR013029701,township_013029,ကွမ်းခြံကုန်း
town_013030701,Dala,MMR013030701,township_013030,ဒလ
town_013031701,Seikgyikanaungto,MMR013031701,township_013031,ဆိပ်ကြီး/ခနောင်တို
town_013032701,Cocokyun Town,MMR013032701,township_013032,ကိုကိုးကျွန်း
town_013000777,Yangon City,MMR013000777,township_013033,ရန်ကုန်
town_013033701,Kyauktada,MMR013033701,township_013033,ကျောက်တံတား
town_013034701,Pabedan,MMR013034701,township_013034,ပန်းဘဲတန်း
town_013035701,Lanmadaw,MMR013035701,township_013035,လမ်းမတော်
town_013036701,Latha,MMR013036701,township_013036,လသာ
town_013037701,Ahlone,MMR013037701,township_013037,အလုံ
town_013038701,Kyeemyindaing,MMR013038701,township_013038,ကြည့်မြင်တိုင်
town_013039701,Sanchaung,MMR013039701,township_013039,စမ်းချောင်း
town_013040701,Hlaing,MMR013040701,township_013040,လှိုင်
town_013041701,Kamaryut,MMR013041701,township_013041,ကမာရွတ်
town_013042701,Mayangone,MMR013042701,township_013042,မရမ်းကုန်း
town_013043701,Dagon,MMR013043701,township_013043,ဒဂုံ
town_013044701,Bahan,MMR013044701,township_013044,ဗဟန်း
town_013045701,Seikkan,MMR013045701,township_013045,ဆိပ်ကမ်း
town_013046701,Hlaingtharya (East) Town,MMR013046701,township_013046,လှိုင်သာယာ (အရှေ့ပိုင်း)
town_013047701,Hlaingtharya (West) Town,MMR013047701,township_013047,လှိုင်သာယာ (အနောက်ပိုင်း)
town_014001701,Taunggyi Town,MMR014001701,township_014001,တောင်ကြီး
town_014001702,Ayetharyar Town,MMR014001702,township_014001,အေးသာယာ
town_014001703,Kyauktalonegyi Town,MMR014001703,township_014001,ကျောက်တလုံးကြီး
town_014001704,Shwenyaung Town,MMR014001704,township_014001,ရွှေညောင်
town_014002701,Nyaungshwe Town,MMR014002701,township_014002,ညောင်ရွှေ
town_014002702,Nang Pang Town,MMR014002702,township_014002,နန်းပန်
town_014003701,Hopong Town,MMR014003701,township_014003,ဟိုပုံး
town_014004701,Hsihseng Town,MMR014004701,township_014004,ဆီဆိုင်
town_014005701,Kalaw Town,MMR014005701,township_014005,ကလော
town_014005702,Aungpan Town,MMR014005702,township_014005,အောင်ပန်း
town_014005703,He Hoe Town,MMR014005703,township_014005,ဟဲဟိုး
town_014006701,Pindaya Town,MMR014006701,township_014006,ပင်းတယ
town_014007701,Ywangan Town,MMR014007701,township_014007,ရွာငံ
town_014008701,Lawksawk Town,MMR014008701,township_014008,ရပ်စောက်
town_014008702,Intaw Town,MMR014008702,township_014008,အင်တော
town_014009701,Pinlaung Town,MMR014009701,township_014009,ပင်လောင်း
town_014009702,Naungtayar Town,MMR014009702,township_014009,နောင်တရား
town_014009703,Pawng Lawng Town,MMR014009703,township_014009,ပေါင်းလောင်း
town_014010701,Pekon Town,MMR014010701,township_014010,ဖယ်ခုံ
town_014011701,Loilen Town,MMR014011701,township_014011,လွိုင်လင်
town_014011702,Pinlon Town,MMR014011702,township_014011,ပင်လုံ
town_014012701,Laihka Town,MMR014012701,township_014012,လဲချား
town_014013701,Nansang Town,MMR014013701,township_014013,နမ့်စန်
town_014013702,Kho Lam Town,MMR014013702,township_014013,ခိုလမ်
town_014014701,Kunhing Town,MMR014014701,township_014014,ကွန်ဟိန်း
town_014014702,Kar Li Town,MMR014014702,township_014014,ကာလိ
town_014015701,Kyethi Town,MMR014015701,township_014015,ကျေးသီး
town_014015702,Mongnawng Town,MMR014015702,township_014015,မိုင်းနောင်
town_014016701,Mongkaing Town,MMR014016701,township_014016,မိုင်းကိုင်
town_014017701,Monghsu Town,MMR014017701,township_014017,မိုင်းရှူး
town_014017702,Mongsan (Hmonesan) Town,MMR014017702,township_014017,မိုင်းစံ (မုန်းဆန်း)
town_014018701,Langkho Town,MMR014018701,township_014018,လင်းခေး
town_014018702,Homein Town,MMR014018702,township_014018,ဟိုမိန်း
town_014019701,Mongnai Town,MMR014019701,township_014019,မိုးနဲ
town_014019702,Kengtawng Town,MMR014019702,township_014019,ကျိုင်းတောင်း
town_014020701,Mawkmai Town,MMR014020701,township_014020,မောက်မယ်
town_014021701,Mongpan Town,MMR014021701,township_014021,မိုင်းပန်
town_015001701,Lashio Town,MMR015001701,township_015001,လားရှိုး
town_015002701,Hseni Town,MMR015002701,township_015002,သိန္နီ
town_015003701,Mongyai Town,MMR015003701,township_015003,မိုင်းရယ်
town_015004701,Tangyan Town,MMR015004701,township_015004,တန့်ယန်း
town_015005701,Pangsang (Panghkam) Town,MMR015005701,township_015005,ပန်ဆန်း (ပန်ခမ်း)
town_015005702,Man Kan Town,MMR015005702,township_015005,မန်ကန်
town_015006701,Narphan Town,MMR015006701,township_015006,နားဖန်
town_015007701,Pangwaun Town,MMR015007701,township_015007,ပန်ဝိုင်
town_015008701,Mongmao Town,MMR015008701,township_015008,မိုင်းမော
town_015009701,Muse Town,MMR015009701,township_015009,မူဆယ်
town_015009702,Monekoe Town,MMR015009702,township_015009,မုန်းကိုး
town_015009703,Manhlyoe (Manhero) Town,MMR015009703,township_015009,(မန်ဟျိုး) မန်ဟီးရိုး
town_015009704,Pang Hseng (Kyu Koke) Town,MMR015009704,township_015009,ပန်ဆိုင်း (ကြူကုတ်)
town_015010701,Namhkan Town,MMR015010701,township_015010,နမ့်ခမ်း
town_015011701,Kutkai Town,MMR015011701,township_015011,ကွတ်ခိုင်
town_015011702,Tarmoenye Town,MMR015011702,township_015011,တာမိုးညဲ
town_015012701,Kyaukme Town,MMR015012701,township_015012,ကျောက်မဲ
town_015012702,Mongngawt Town,MMR015012702,township_015012,မိုင်းငေါ့
town_015012703,Monglon Town,MMR015012703,township_015012,မိုင်းလုံ
town_015013701,Nawnghkio Town,MMR015013701,township_015013,နောင်ချို
town_015014701,Hsipaw Town,MMR015014701,township_015014,သီပေါ
town_015015701,Namtu Town,MMR015015701,township_015015,နမ္မတူ
town_015016701,Namhsan Town,MMR015016701,township_015016,နမ့်ဆန်
town_015017701,Mongmit Town,MMR015017701,township_015017,မိုးမိတ်
town_015018701,Mabein Town,MMR015018701,township_015018,မဘိမ်း
town_015019701,Manton Town,MMR015019701,township_015019,မန်တုံ
town_015020701,Kunlong Town,MMR015020701,township_015020,ကွမ်းလုံ
town_015021701,Hopang Town,MMR015021701,township_015021,ဟိုပန်
town_015021702,Namtit Town,MMR015021702,township_015021,နမ့်တစ်
town_015021703,Pan Lon Town,MMR015021703,township_015021,ပန်လုံ
town_015022701,Laukkaing Town,MMR015022701,township_015022,လောက်ကိုင်
town_015022702,Chinshwehaw Town,MMR015022702,township_015022,ချင်းရွှေဟော်
town_015023701,Konkyan Town,MMR015023701,township_015023,ကုန်းကြမ်း
town_015023702,Maw Hteik Town,MMR015023702,township_015023,​မော်ထိုက်
town_015024701,Matman Town,MMR015024701,township_015024,မက်မန်း
town_015301701,Nam Tit Town,MMR015301701,township_015301,နမ့်တစ်
town_015302701,Nar Wee (Na Wi) Town,MMR015302701,township_015302,နာဝီး
town_015303701,Man Tun Town,MMR015303701,township_015303,မန်တွန်း
town_015304702,Mong Maw Town,MMR015304702,township_015304,မိုင်းမော
town_015305701,Hsawng Hpa (Saun Pha) Town,MMR015305701,township_015305,ဆောင်ဖ
town_015306701,Hkun Mar (Hkwin Ma) Town,MMR015306701,township_015306,ခွန်းမား
town_015307701,Long Htan Town,MMR015307701,township_015307,လုံထန်
town_015308701,Yawng Lin Town,MMR015308701,township_015308,ယောင်လင်း
town_015309701,Lin Haw Town,MMR015309701,township_015309,လင်ဟော်
town_015310701,Ka Lawng Hpar Town,MMR015310701,township_015310,ကလောင်ဖါ
town_015311701,Aik Chan (Ai' Chun) Town,MMR015311701,township_015311,အိုက်ချန်
town_015312701,Yin Pang Town,MMR015312701,township_015312,ရင်ဖန့်
town_015313701,Man Man Hseng Town,MMR015313701,township_015313,မန်မန်ဆိုင်
town_015314701,Nawng Hkit Town,MMR015314701,township_015314,နောင်ခစ်
town_015314702,Wein Kawn Town,MMR015314702,township_015314,ဝိန်းကောင်
town_015315701,Nam Hkam Wu Town,MMR015315701,township_015315,နမ်ခမ်းဝူး
town_015316701,Nar Kawng Town,MMR015316701,township_015316,နားကောင်
town_015317701,Pang Hkam Town,MMR015317701,township_015317,ပန်ခမ့်
town_015318701,Pang Yang Town,MMR015318701,township_015318,ပန်ယန်း
town_016001701,Kengtung Town,MMR016001701,township_016001,ကျိုင်းတုံ
town_016002701,Mongkhet Town,MMR016002701,township_016002,မိုင်းခတ်
town_016003701,Mongyang Town,MMR016003701,township_016003,မိုင်းယန်း
town_016003702,Mongpauk Town,MMR016003702,township_016003,မိုင်းပေါက်
town_016005701,Mongla Town,MMR016005701,township_016005,မိုင်းလား
town_016006701,Monghsat Town,MMR016006701,township_016006,မိုင်းဆတ်
town_016006702,Mongkhoke Town,MMR016006702,township_016006,မိုင်းခုတ်
town_016007701,Mongping Town,MMR016007701,township_016007,မိုင်းပျဉ်း
town_016007702,Tontar Town,MMR016007702,township_016007,တုံတာ
town_016008701,Mongton Town,MMR016008701,township_016008,မိုင်းတုံ
town_016008702,Ponparkyin Town,MMR016008702,township_016008,ပုံပါကျင်
town_016008703,Hmone Hta Town,MMR016008703,township_016008,မုံးထ
town_016009701,Tachileik Town,MMR016009701,township_016009,တာချီလိတ်
town_016009702,Kenglat Town,MMR016009702,township_016009,ကျိုင်းလပ်
town_016009703,Tarlay Town,MMR016009703,township_016009,တာလေ
town_016010701,Monghpyak Town,MMR016010701,township_016010,မိုင်းဖြတ်
town_016011701,Mongyawng Town,MMR016011701,township_016011,မိုင်းယောင်း
town_016011702,Mongyu Town,MMR016011702,township_016011,မိုင်းယု
town_016319701,Mong Hpen Town,MMR016319701,township_016319,မိုင်းဖျန်
town_016320701,Ho Tawng (Ho Tao) Town,MMR016320701,township_016320,ဟိုတောင်း
town_016321701,Mong Pawk Town,MMR016321701,township_016321,မိုင်းပေါက်
town_016322701,Mong Kar Town,MMR016322701,township_016322,မိုင်းကာ
town_016323701,Nam Hpai Town,MMR016323701,township_016323,နမ့်ဖိုင်
town_017001701,Pathein Town,MMR017001701,township_017001,ပုသိမ်
town_017001702,Shwethaungyan Town,MMR017001702,township_017001,ရွှေသောင်ယံ
town_017001703,Ngwesaung Town,MMR017001703,township_017001,ငွေဆောင်
town_017001704,Chaung Thar Town,MMR017001704,township_017001,ချောင်းသာ
town_017002701,Kangyidaunt Town,MMR017002701,township_017002,ကန်ကြီးထောင့်
town_017003701,Thabaung Town,MMR017003701,township_017003,သာပေါင်း
town_017004701,Ngapudaw Town,MMR017004701,township_017004,ငပုတော
town_017004702,Ngayokekaung Town,MMR017004702,township_017004,ငရုတ်ကောင်း
town_017004703,Hainggyikyun Town,MMR017004703,township_017004,ဟိုင်းကြီးကျွန်း
town_017005701,Kyonpyaw Town,MMR017005701,township_017005,ကျုံပျော်
town_017005702,Ahtaung Town,MMR017005702,township_017005,အထောင်
town_017006701,Yegyi Town,MMR017006701,township_017006,ရေကြည်
town_017006702,Ngathaingchaung Town,MMR017006702,township_017006,ငသိုင်းချောင်း
town_017006703,Ahthoke Town,MMR017006703,township_017006,အသုတ်
town_017007701,Kyaunggon Town,MMR017007701,township_017007,ကျောင်းကုန်း
town_017008701,Hinthada Town,MMR017008701,township_017008,ဟင်္သာတ
town_017008702,Ta Loke Htaw Town,MMR017008702,township_017008,တလုတ္ထော်
town_017008703,Du Yar Town,MMR017008703,township_017008,ဒူးယား
town_017009701,Zalun Town,MMR017009701,township_017009,ဇလွန်
town_017010701,Lemyethna Town,MMR017010701,township_017010,လေးမျက်နှာ
town_017011701,Myanaung Town,MMR017011701,township_017011,မြန်အောင်
town_017011702,Kanaung Town,MMR017011702,township_017011,ကနောင်
town_017011703,In Pin Town,MMR017011703,township_017011,အင်ပင်
town_017012701,Kyangin Town,MMR017012701,township_017012,ကြံခင်း
town_017012702,Batye Town,MMR017012702,township_017012,ဘက်ရဲ
town_017013701,Ingapu Town,MMR017013701,township_017013,အင်္ဂပူ
town_017013702,Htoogyi Town,MMR017013702,township_017013,ထူးကြီး
town_017013703,Me Za Li Kone Town,MMR017013703,township_017013,မဲဇလီကုန်း
town_017014701,Myaungmya Town,MMR017014701,township_017014,မြောင်းမြ
town_017015701,Einme Town,MMR017015701,township_017015,အိမ်မဲ
town_017016701,Labutta Town,MMR017016701,township_017016,လပွတ္တာ
town_017016702,Pyinsalu Town,MMR017016702,township_017016,ပြင်စလူ
town_017016703,Labutta (3) Mile Town,MMR017016703,township_017016,လပွတ္တာ (၃) မိုင်
town_017016704,Hainggyikyun Town,MMR017016704,township_017016,ဟိုင်းကြီးကျွန်း
town_017017701,Wakema Town,MMR017017701,township_017017,ဝါးခယ်မ
town_017017702,Kyonmangae Town,MMR017017702,township_017017,ကျုံမငေး
town_017018701,Mawlamyinegyun Town,MMR017018701,township_017018,မော်လမြိုင်ကျွန်း
town_017019701,Maubin Town,MMR017019701,township_017019,မအူပင်
town_017020701,Pantanaw Town,MMR017020701,township_017020,ပန်းတနော်
town_017021701,Nyaungdon Town,MMR017021701,township_017021,ညောင်တုန်း
town_017022701,Danubyu Town,MMR017022701,township_017022,ဓနုဖြူ
town_017023701,Pyapon Town,MMR017023701,township_017023,ဖျာပုံ
town_017023702,Ahmar Town,MMR017023702,township_017023,အမာ
town_017024701,Bogale Town,MMR017024701,township_017024,ဘိုကလေး
town_017025701,Kyaiklat Town,MMR017025701,township_017025,ကျိုက်လတ်
town_017026701,Dedaye Town,MMR017026701,township_017026,ဒေးဒရဲ
town_018000777,Nay Pyi Taw Town,MMR018000777,township_018001,နေပြည်တော်
town_018001701,Zay Yar Thi Ri Town,MMR018001701,township_018001,ဇေယျာသီရိ
town_018002701,Za Bu Thi Ri Town,MMR018002701,township_018002,ဇမ္ဗူသီရိ
town_018003701,Tatkon Town,MMR018003701,township_018003,တပ်ကုန်း
town_018004701,Det Khi Na Thi Ri Town,MMR018004701,township_018004,ဒက္ခိဏသီရိ
town_018005701,Poke Ba Thi RiTown,MMR018005701,township_018005,ပုဗ္ဗသီရိ
town_018006701,Pyinmana Town,MMR018006701,township_018006,ပျဉ်းမနား
town_018007701,Lewe Town,MMR018007701,township_018007,လယ်ဝေး
town_018008701,Oke Ta Ra Thi Ri Town,MMR018008701,township_018008,ဥတ္တရသီရိ
