id,name,code,district_id:id,latitude,longitude,name_mm
township_001001,Myitkyina,MMR001001,district_001D001,25.08336,97.214765,မြစ်ကြီးနား
township_001002,Waingmaw,MMR001002,district_001D001,25.38375667,97.82005333,ဝိုင်းမော်
township_001003,Injangyang,MMR001003,district_001D001,25.82991,97.72671,အင်ဂျန်းယန်
township_001004,Tanai,MMR001004,district_001D001,26.526375,96.462975,တနိုင်း
township_001005,Chipwi,MMR001005,district_001D001,25.742505,98.254195,ချီ​ဖွေ
township_001006,Tsawlaw,MMR001006,district_001D001,26.15419,98.27049,ဆော့လော်
township_001007,Mohnyin,MMR001007,district_001D002,24.948106,96.394754,မိုးညှင်း
township_001008,Mogaung,MMR001008,district_001D002,25.340545,96.97467,မိုးကောင်း
township_001009,Hpakant,MMR001009,district_001D002,25.5677,96.511825,ဖားကန့်
township_001010,Bhamo,MMR001010,district_001D003,24.25493,97.23441,ဗန်းမော်
township_001011,Shwegu,MMR001011,district_001D003,24.342755,96.73064,ရွှေကူ
township_001012,Momauk,MMR001012,district_001D003,24.35475,97.50952333,မိုးမောက်
township_001013,Mansi,MMR001013,district_001D003,24.11962,97.29311,မံစီ
township_001014,Puta-O,MMR001014,district_001D004,27.29934,97.4159,ပူတာအို
township_001015,Sumprabum,MMR001015,district_001D004,26.54373,97.5677,ဆွမ်ပရာဘွမ်
township_001016,Machanbaw,MMR001016,district_001D004,27.28395,97.58937,မချမ်းဘော
township_001017,Nawngmun,MMR001017,district_001D004,27.61671,97.847235,နောင်မွန်း
township_001018,Khaunglanhpu,MMR001018,district_001D004,27.06043,98.36034,ခေါင်လန်ဖူး
township_002001,Loikaw,MMR002001,district_002D001,19.70034333,97.25700667,လွိုင်ကော်
township_002002,Demoso,MMR002002,district_002D001,19.60396,97.133955,ဒီးမော့ဆို
township_002003,Hpruso,MMR002003,district_002D001,19.41387,97.12799,ဖရူဆို
township_002004,Shadaw,MMR002004,district_002D001,19.63174,97.52073,ရှားတော
township_002005,Bawlake,MMR002005,district_002D002,19.169645,97.42117,ဘောလခဲ
township_002006,Hpasawng,MMR002006,district_002D002,18.87063,97.31592,ဖားဆောင်း
township_002007,Mese,MMR002007,district_002D002,18.67246,97.66277,မယ်စဲ့
township_003001,Hpa-An,MMR003001,district_003D001,16.88076,97.63691,ဘားအံ
township_003002,Hlaingbwe,MMR003002,district_003D001,17.19060667,97.89748667,လှိုင်းဘွဲ့
township_003003,Hpapun,MMR003003,district_003D004,17.70497,97.548055,ဖာပွန်
township_003004,Thandaunggyi,MMR003004,district_003D001,19.058,96.6561875,သံတောင်ကြီး
township_003005,Myawaddy,MMR003005,district_003D002,16.37899667,98.60749667,မြဝတီ
township_003006,Kawkareik,MMR003006,district_003D003,16.574995,98.141745,ကော့ကရိတ်
township_003007,Kyainseikgyi,MMR003007,district_003D003,15.78258667,98.29799333,ကြာအင်းဆိပ်ကြီး
township_004001,Falam,MMR004001,district_004D001,23.09627333,93.66077667,ဖလမ်း
township_004002,Hakha,MMR004002,district_004D003,22.44782,93.619495,ဟားခါး
township_004003,Thantlang,MMR004003,district_004D003,22.444115,93.43195,ထန်တလန်
township_004004,Tedim,MMR004004,district_004D001,23.29404,93.805645,တီးတိန်
township_004005,Tonzang,MMR004005,district_004D001,23.74641,93.61261,တွန်းဇန်
township_004006,Mindat,MMR004006,district_004D002,21.27223,93.784075,မင်းတပ်
township_004007,Matupi,MMR004007,district_004D004,21.87228,93.32124333,မတူပီ
township_004008,Kanpetlet,MMR004008,district_004D002,21.083185,93.94743,ကန်ပက်လက်
township_004009,Paletwa,MMR004009,district_004D004,21.29887,92.97555,ပလက်ဝ
township_005001,Sagaing,MMR005001,district_005D001,22.02199,95.859855,စစ်ကိုင်း
township_005002,Myinmu,MMR005002,district_005D001,21.92681,95.57157,မြင်းမူ
township_005003,Myaung,MMR005003,district_005D001,21.83164,95.42425,မြောင်
township_005004,Shwebo,MMR005004,district_005D002,22.581625,95.82172,ရွှေဘို
township_005005,Khin-U,MMR005005,district_005D002,22.77016,95.62149,ခင်ဦး
township_005006,Wetlet,MMR005006,district_005D002,22.36715,95.78812,ဝက်လက်
township_005007,Kanbalu,MMR005007,district_005D010,23.067075,95.54123,ကန့်ဘလူ
township_005008,Kyunhla,MMR005008,district_005D010,23.31964,95.5321,ကျွန်းလှ
township_005009,Ye-U,MMR005009,district_005D002,22.76914,95.43049,ရေဦး
township_005010,Tabayin,MMR005010,district_005D002,22.620695,95.278905,ဒီပဲယင်း
township_005011,Taze,MMR005011,district_005D002,22.94407,95.37361,တန့်ဆည်
township_005012,Monywa,MMR005012,district_005D003,22.12168,95.13963,မုံရွာ
township_005013,Budalin,MMR005013,district_005D003,22.38918,95.14857,ဘုတလင်
township_005014,Ayadaw,MMR005014,district_005D003,22.28525,95.45068,အရာတော်
township_005015,Chaung-U,MMR005015,district_005D003,21.95693,95.27363,ချောင်းဦး
township_005016,Yinmarbin,MMR005016,district_005D009,22.07779,94.90014,ယင်းမာပင်
township_005017,Kani,MMR005017,district_005D009,22.43291,94.84847,ကနီ
township_005018,Salingyi,MMR005018,district_005D009,21.97363,95.08269,ဆားလင်းကြီး
township_005019,Pale,MMR005019,district_005D009,21.93415,94.87486,ပုလဲ
township_005020,Katha,MMR005020,district_005D004,24.18163,96.33167,ကသာ
township_005021,Indaw,MMR005021,district_005D004,24.34371,96.160635,အင်းတော်
township_005022,Tigyaing,MMR005022,district_005D004,23.75452,96.14833,ထီးချိုင့်
township_005023,Banmauk,MMR005023,district_005D004,24.39986,95.85767,ဗန်းမောက်
township_005024,Kawlin,MMR005024,district_005D011,23.79026,95.68339,ကောလင်း
township_005025,Wuntho,MMR005025,district_005D011,23.89924,95.68193,ဝန်းသို
township_005026,Pinlebu,MMR005026,district_005D011,24.08089,95.37026,ပင်လည်ဘူး
township_005027,Kale,MMR005027,district_005D005,23.1933,94.02977,ကလေး
township_005028,Kalewa,MMR005028,district_005D005,23.1998,94.30036,ကလေးဝ
township_005029,Mingin,MMR005029,district_005D005,22.87781,94.4942,မင်းကင်း
township_005030,Tamu,MMR005030,district_005D006,24.16888333,94.32655333,တမူး
township_005031,Mawlaik,MMR005031,district_005D007,23.63512,94.41201,မော်လိုက်
township_005032,Paungbyin,MMR005032,district_005D007,24.26768,94.81686,ဖောင်းပြင်
township_005033,Hkamti,MMR005033,district_005D008,25.99243,95.69547,ခန္တီး
township_005034,Homalin,MMR005034,district_005D008,24.87708,94.86895,ဟုမ္မလင်း
township_005035,Layshi,MMR005035,district_005S001,,,လေရှီး
township_005036,Lahe,MMR005036,district_005S001,26.145915,95.341305,လဟယ်
township_005037,Nanyun,MMR005037,district_005S001,26.99744,96.04194,နန်းယွန်း
township_006001,Dawei,MMR006001,district_006D001,14.12054,98.358265,ထားဝယ်
township_006002,Launglon,MMR006002,district_006D001,13.97522,98.11963,လောင်းလုံး
township_006003,Thayetchaung,MMR006003,district_006D001,13.8687,98.26252,သရက်ချောင်း
township_006004,Yebyu,MMR006004,district_006D001,14.434855,98.1707,ရေဖြူ
township_006005,Myeik,MMR006005,district_006D002,12.44112,98.60978,မြိတ်
township_006006,Kyunsu,MMR006006,district_006D002,12.47386,98.45443,ကျွန်းစု
township_006007,Palaw,MMR006007,district_006D002,13.03227333,98.64338333,ပုလော
township_006008,Tanintharyi,MMR006008,district_006D002,11.942305,99.32014,တနင်္သာရီ
township_006009,Kawthoung,MMR006009,district_006D003,10.167805,98.587475,ကော့သောင်း
township_006010,Bokpyin,MMR006010,district_006D003,11.22227333,98.84017,ဘုတ်ပြင်း
township_007001,Bago,MMR007001,district_007D001,17.33069333,96.46226667,ပဲခူး
township_007002,Thanatpin,MMR007002,district_007D001,17.28903,96.57664,သနပ်ပင်
township_007003,Kawa,MMR007003,district_007D001,17.05953,96.531445,ကဝ
township_007004,Waw,MMR007004,district_007D001,17.4836,96.68234,ဝေါ
township_007005,Nyaunglebin,MMR007005,district_007D001,17.9533025,96.7377975,ညောင်လေးပင်
township_007006,Kyauktaga,MMR007006,district_007D001,18.13969333,96.57922333,ကျောက်တံခါး
township_007007,Daik-U,MMR007007,district_007D001,17.78967,96.66969,ဒိုက်ဦး
township_007008,Shwegyin,MMR007008,district_007D001,17.92304,96.87767,ရွှေကျင်
township_007009,Taungoo,MMR007009,district_007D002,18.976925,96.418355,တောင်ငူ
township_007010,Yedashe,MMR007010,district_007D002,19.3251775,96.291845,ရေတာရှည်
township_007011,Kyaukkyi,MMR007011,district_007D002,18.32764,96.76862,ကျောက်ကြီး
township_007012,Phyu,MMR007012,district_007D002,18.45525,96.45291333,ဖြူး
township_007013,Oktwin,MMR007013,district_007D002,18.766465,96.411765,အုတ်တွင်း
township_007014,Htantabin,MMR007014,district_007D002,18.8433,96.48376,ထန်းတပင်
township_008001,Pyay,MMR008001,district_008D001,18.835595,95.30281,ပြည်
township_008002,Paukkhaung,MMR008002,district_008D001,18.9028,95.54819,ပေါက်ခေါင်း
township_008003,Padaung,MMR008003,district_008D001,18.70158,95.08368,ပန်းတောင်း
township_008004,Paungde,MMR008004,district_008D001,18.48947,95.50721,ပေါင်းတည်
township_008005,Thegon,MMR008005,district_008D001,18.621075,95.395525,သဲကုန်း
township_008006,Shwedaung,MMR008006,district_008D001,18.7051,95.21404,ရွှေတောင်
township_008007,Thayarwady,MMR008007,district_008D002,17.642145,95.78807,သာယာဝတီ
township_008008,Letpadan,MMR008008,district_008D002,17.779,95.74529,လက်ပံတန်း
township_008009,Minhla,MMR008009,district_008D002,17.933995,95.716125,မင်းလှ
township_008010,Okpho,MMR008010,district_008D002,18.08671,95.682635,အုတ်ဖို
township_008011,Zigon,MMR008011,district_008D002,18.33846,95.62304,ဇီးကုန်း
township_008012,Nattalin,MMR008012,district_008D002,18.394265,95.501105,နတ်တလင်း
township_008013,Monyo,MMR008013,district_008D002,18.02719,95.51185,မိုးညို
township_008014,Gyobingauk,MMR008014,district_008D002,18.22989,95.65259,ကြို့ပင်ကောက်
township_009001,Magway,MMR009001,district_009D001,20.14027,94.92696,မကွေး
township_009002,Yenangyaung,MMR009002,district_009D001,20.45837,94.8731,ရေနံချောင်း
township_009003,Chauk,MMR009003,district_009D001,20.86239,94.780345,ချောက်
township_009004,Taungdwingyi,MMR009004,district_009D001,20.00187,95.54614,တောင်တွင်းကြီး
township_009005,Myothit,MMR009005,district_009D001,20.19919,95.44692,မြို့သစ်
township_009006,Natmauk,MMR009006,district_009D001,20.35339,95.39966,နတ်မောက်
township_009007,Minbu,MMR009007,district_009D002,20.19885,94.821745,မင်းဘူး
township_009008,Pwintbyu,MMR009008,district_009D002,20.36334,94.66933,ပွင့်ဖြူ
township_009009,Ngape,MMR009009,district_009D002,20.07538,94.46767,ငဖဲ
township_009010,Salin,MMR009010,district_009D002,20.6207,94.67613,စလင်း
township_009011,Sidoktaya,MMR009011,district_009D002,20.4466,94.24559,စေတုတ္ထရာ
township_009012,Thayet,MMR009012,district_009D003,19.3215,95.17716,သရက်
township_009013,Minhla,MMR009013,district_009D003,19.96559,95.0367,မင်းလှ
township_009014,Mindon,MMR009014,district_009D003,19.35131,94.73233,မင်းတုန်း
township_009015,Kamma,MMR009015,district_009D003,19.02897,95.09594,ကံမ
township_009016,Aunglan,MMR009016,district_009D003,19.35855,95.21684,အောင်လံ
township_009017,Sinbaungwe,MMR009017,district_009D003,19.72292,95.16186,ဆင်ပေါင်ဝဲ
township_009018,Pakokku,MMR009018,district_009D004,21.32132667,94.91631667,ပခုက္ကူ
township_009019,Yesagyo,MMR009019,district_009D004,21.63388,95.2453,ရေစကြို
township_009020,Myaing,MMR009020,district_009D004,21.61256,94.85432,မြိုင်
township_009021,Pauk,MMR009021,district_009D004,21.45215,94.47374,ပေါက်
township_009022,Seikphyu,MMR009022,district_009D004,20.90651,94.79243,ဆိပ်ဖြူ
township_009023,Gangaw,MMR009023,district_009D005,22.05079,94.246855,ဂန့်ဂေါ
township_009024,Tilin,MMR009024,district_009D005,21.69636,94.09278,ထီးလင်း
township_009025,Saw,MMR009025,district_009D005,21.27912,94.14533,ဆော
township_010001,Aungmyaythazan,MMR010001,district_010D001,21.991305,96.09448,အောင်မြေသာစံ
township_010002,Chanayethazan,MMR010002,district_010D001,21.97535,96.0946,ချမ်းအေးသာစံ
township_010003,Mahaaungmyay,MMR010003,district_010D001,21.97535,96.0946,မဟာအောင်မြေ
township_010004,Chanmyathazi,MMR010004,district_010D001,21.9394,96.09584,ချမ်းမြသာစည်
township_010005,Pyigyitagon,MMR010005,district_010D001,21.90196,96.10418,ပြည်ကြီးတံခွန်
township_010006,Amarapura,MMR010006,district_010D001,21.87866,96.05902,အမရပူရ
township_010007,Patheingyi,MMR010007,district_010D001,22.00399,96.16465,ပုသိမ်ကြီး
township_010008,Pyinoolwin,MMR010008,district_010D002,22.01397,96.45634,ပြင်ဦးလွင်
township_010009,Madaya,MMR010009,district_010D002,22.21036,96.10639,မတ္တရာ
township_010010,Singu,MMR010010,district_010D002,22.54838,95.99655,စဉ့်ကူး
township_010011,Mogoke,MMR010011,district_010D002,22.92139,96.5054,မိုးကုတ်
township_010012,Thabeikkyin,MMR010012,district_010D002,23.193905,95.99446,သပိတ်ကျင်း
township_010013,Kyaukse,MMR010013,district_010D003,21.61325,96.13033,ကျောက်ဆည်
township_010014,Sintgaing,MMR010014,district_010D003,21.73114,96.10611,စဉ့်ကိုင်
township_010015,Myittha,MMR010015,district_010D003,21.391285,96.14558,မြစ်သား
township_010016,Tada-U,MMR010016,district_010D003,21.8151,95.97069,တံတားဦး
township_010017,Myingyan,MMR010017,district_010D004,21.596225,95.406945,မြင်းခြံ
township_010018,Taungtha,MMR010018,district_010D004,21.27603,95.44541,တောင်သာ
township_010019,Natogyi,MMR010019,district_010D004,21.4237,95.6545,နွားထိုးကြီး
township_010020,Kyaukpadaung,MMR010020,district_010D005,20.84248,95.13218,ကျောက်ပန်းတောင်း
township_010021,Ngazun,MMR010021,district_010D004,21.89846,95.68723,ငါန်းဇွန်
township_010022,Nyaung-U,MMR010022,district_010D005,21.15932667,94.97013333,ညောင်ဦး
township_010023,Yamethin,MMR010023,district_010D006,20.4305,96.13747,ရမည်းသင်း
township_010024,Pyawbwe,MMR010024,district_010D006,20.59472,96.05094,ပျော်ဘွယ်
township_010028,Meiktila,MMR010028,district_010D007,20.88189,95.86311,မိတ္ထီလာ
township_010029,Mahlaing,MMR010029,district_010D007,21.09867,95.64698,မလှိုင်
township_010030,Thazi,MMR010030,district_010D007,20.85019,96.05838,သာစည်
township_010031,Wundwin,MMR010031,district_010D007,21.09691,96.03001,ဝမ်းတွင်း
township_011001,Mawlamyine,MMR011001,district_011D001,16.48459,97.62593,မော်လမြိုင်
township_011002,Kyaikmaraw,MMR011002,district_011D001,16.37045,97.72411,ကျိုက်မရော
township_011003,Chaungzon,MMR011003,district_011D001,16.35125,97.55048,ချောင်းဆုံ
township_011004,Thanbyuzayat,MMR011004,district_011D001,16.02335,97.6504,သံဖြူဇရပ်
township_011005,Mudon,MMR011005,district_011D001,16.19951,97.729405,မုဒုံ
township_011006,Ye,MMR011006,district_011D001,15.26214,97.83695,ရေး
township_011007,Thaton,MMR011007,district_011D002,16.98996,97.33631,သထုံ
township_011008,Paung,MMR011008,district_011D002,16.65667,97.440215,ပေါင်
township_011009,Kyaikto,MMR011009,district_011D002,17.41263,96.951945,ကျိုက်ထို
township_011010,Bilin,MMR011010,district_011D002,17.21987,97.23931,ဘီးလင်း
township_012001,Sittwe,MMR012001,district_012D001,20.13727,92.88551,စစ်တွေ
township_012002,Ponnagyun,MMR012002,district_012D001,20.33199,93.0043,ပုဏ္ဏားကျွန်း
township_012003,Mrauk-U,MMR012003,district_012D005,20.59185,93.18844,မြောက်ဦး
township_012004,Kyauktaw,MMR012004,district_012D005,20.84396,92.97282,ကျောက်တော်
township_012005,Minbya,MMR012005,district_012D005,20.36452,93.27269,မင်းပြား
township_012006,Myebon,MMR012006,district_012D005,19.951855,93.56639,မြေပုံ
township_012007,Pauktaw,MMR012007,district_012D001,20.18098,93.06817,ပေါက်တော
township_012008,Rathedaung,MMR012008,district_012D001,20.48215,92.75606,ရသေ့တောင်
township_012009,Maungdaw,MMR012009,district_012D002,20.97807,92.3354925,မောင်တော
township_012010,Buthidaung,MMR012010,district_012D002,20.87498,92.525,ဘူးသီးတောင်
township_012011,Kyaukpyu,MMR012011,district_012D003,19.32025,93.644,ကျောက်ဖြူ
township_012012,Munaung,MMR012012,district_012D003,18.85506,93.7215,မာန်အောင်
township_012013,Ramree,MMR012013,district_012D003,19.063155,93.776855,ရမ်းဗြဲ
township_012014,Ann,MMR012014,district_012D003,19.681785,93.991855,အမ်း
township_012015,Thandwe,MMR012015,district_012D004,18.451875,94.34415,သံတွဲ
township_012016,Toungup,MMR012016,district_012D004,19.06472,94.16820667,တောင်ကုတ်
township_012017,Gwa,MMR012017,district_012D004,17.800405,94.535685,ဂွ
township_013001,Insein,MMR013001,district_013D001,16.90177,96.09596,အင်းစိန်
township_013002,Mingaladon,MMR013002,district_013D001,16.99595,96.13013,မင်္ဂလာဒုံ
township_013003,Hmawbi,MMR013003,district_013D001,17.09987,96.0418,မှော်ဘီ
township_013004,Hlegu,MMR013004,district_013D001,17.09875,96.22745,လှည်းကူး
township_013005,Taikkyi,MMR013005,district_013D001,17.39732667,95.83917333,တိုက်ကြီး
township_013006,Htantabin,MMR013006,district_013D001,17.0174,95.9827,ထန်းတပင်
township_013007,Shwepyithar,MMR013007,district_013D001,16.95504,96.08329,ရွှေပြည်သာ
township_013008,Hlaingtharya,MMR013008,district_013D001,,,လှိုင်သာယာ
township_013009,Thingangyun,MMR013009,district_013D002,16.83101,96.19323,သင်္ဃန်းကျွန်း
township_013010,Yankin,MMR013010,district_013D002,16.83601,96.1624,ရန်ကင်း
township_013011,South Okkalapa,MMR013011,district_013D002,16.84625,96.17986,တောင်ဥက္ကလာပ
township_013012,North Okkalapa,MMR013012,district_013D002,16.91878,96.16303,မြောက်ဥက္ကလာပ
township_013013,Thaketa,MMR013013,district_013D002,16.79301,96.20296,သာကေတ
township_013014,Dawbon,MMR013014,district_013D002,16.78192,96.18435,ဒေါပုံ
township_013015,Tamwe,MMR013015,district_013D002,16.81018,96.17646,တာမွေ
township_013016,Pazundaung,MMR013016,district_013D002,16.77965,96.17439,ပုဇွန်တောင်
township_013017,Botahtaung,MMR013017,district_013D002,16.77197,96.16971,ဗိုလ်တထောင်
township_013018,Dagon Myothit (South),MMR013018,district_013D002,16.84016,96.22582,ဒဂုံမြို့သစ် (တောင်ပိုင်း)
township_013019,Dagon Myothit (North),MMR013019,district_013D002,16.87774,96.19079,ဒဂုံမြို့သစ် (မြောက်ပိုင်း)
township_013020,Dagon Myothit (East),MMR013020,district_013D002,16.91281,96.21323,ဒဂုံမြို့သစ် (အရှေ့ပိုင်း)
township_013021,Dagon Myothit (Seikkan),MMR013021,district_013D002,16.84049,96.27256,ဒဂုံမြို့သစ် (ဆိပ်ကမ်း)
township_013022,Mingalartaungnyunt,MMR013022,district_013D002,16.78891,96.16786,မင်္ဂလာတောင်ညွန့်
township_013023,Thanlyin,MMR013023,district_013D003,16.76378,96.25184,သန်လျင်
township_013024,Kyauktan,MMR013024,district_013D003,16.640905,96.4315,ကျောက်တန်း
township_013025,Thongwa,MMR013025,district_013D003,16.7586,96.52309,သုံးခွ
township_013026,Kayan,MMR013026,district_013D003,16.90544,96.5605,ခရမ်း
township_013027,Twantay,MMR013027,district_013D003,16.70734,95.93047,တွံတေး
township_013028,Kawhmu,MMR013028,district_013D003,16.54616,96.06195,ကော့မှူး
township_013029,Kungyangon,MMR013029,district_013D003,16.4394,96.0119,ကွမ်းခြံကုန်း
township_013030,Dala,MMR013030,district_013D003,16.75855,96.143,ဒလ
township_013031,Seikgyikanaungto,MMR013031,district_013D003,16.75779,96.11637,ဆိပ်ကြီး/ခနောင်တို
township_013032,Cocokyun,MMR013032,district_013D003,14.13443,93.36821,ကိုကိုးကျွန်း
township_013033,Kyauktada,MMR013033,district_013D004,16.776225,96.161285,ကျောက်တံတား
township_013034,Pabedan,MMR013034,district_013D004,16.77698,96.15601,ပန်းဘဲတန်း
township_013035,Lanmadaw,MMR013035,district_013D004,16.77991,96.14234,လမ်းမတော်
township_013036,Latha,MMR013036,district_013D004,16.77712,96.15053,လသာ
township_013037,Ahlone,MMR013037,district_013D004,16.7824,96.12786,အလုံ
township_013038,Kyeemyindaing,MMR013038,district_013D004,16.81457,96.12188,ကြည့်မြင်တိုင်
township_013039,Sanchaung,MMR013039,district_013D004,16.80381,96.13729,စမ်းချောင်း
township_013040,Hlaing,MMR013040,district_013D004,16.84793,96.12523,လှိုင်
township_013041,Kamaryut,MMR013041,district_013D004,16.82768,96.13244,ကမာရွတ်
township_013042,Mayangone,MMR013042,district_013D004,16.86619,96.14261,မရမ်းကုန်း
township_013043,Dagon,MMR013043,district_013D004,16.79495,96.1469,ဒဂုံ
township_013044,Bahan,MMR013044,district_013D004,16.81543,96.15611,ဗဟန်း
township_013045,Seikkan,MMR013045,district_013D004,,,ဆိပ်ကမ်း
township_013046,Hlaingtharya (East),MMR013046,district_013D001,,,လှိုင်သာယာ (အရှေ့ပိုင်း)
township_013047,Hlaingtharya (West),MMR013047,district_013D001,,,လှိုင်သာယာ (အနောက်ပိုင်း)
township_014001,Taunggyi,MMR014001,district_014D001,20.6701675,96.998735,တောင်ကြီး
township_014002,Nyaungshwe,MMR014002,district_014D001,20.55725,96.91901,ညောင်ရွှေ
township_014003,Hopong,MMR014003,district_014S002,20.79743,97.17024,ဟိုပုံး
township_014004,Hsihseng,MMR014004,district_014S002,20.16227,97.2519,ဆီဆိုင်
township_014005,Kalaw,MMR014005,district_014D001,20.66916667,96.67279333,ကလော
township_014006,Pindaya,MMR014006,district_014S001,20.94158,96.66279,ပင်းတယ
township_014007,Ywangan,MMR014007,district_014S001,21.16282,96.44229,ရွာငံ
township_014008,Lawksawk,MMR014008,district_014D001,21.43894,96.89385,ရပ်စောက်
township_014009,Pinlaung,MMR014009,district_014S002,20.13463667,96.70721333,ပင်လောင်း
township_014010,Pekon,MMR014010,district_014D001,19.86348,97.00831,ဖယ်ခုံ
township_014011,Loilen,MMR014011,district_014D002,20.95818,97.548905,လွိုင်လင်
township_014012,Laihka,MMR014012,district_014D002,21.27024,97.66509,လဲချား
township_014013,Nansang,MMR014013,district_014D002,20.993995,97.91054,နမ့်စန်
township_014014,Kunhing,MMR014014,district_014D002,21.29486,98.478905,ကွန်ဟိန်း
township_014015,Kyethi,MMR014015,district_014D002,21.785075,97.971165,ကျေးသီး
township_014016,Mongkaing,MMR014016,district_014D002,21.61149,97.52699,မိုင်းကိုင်
township_014017,Monghsu,MMR014017,district_014D002,21.78251,98.3625,မိုင်းရှူး
township_014018,Langkho,MMR014018,district_014D003,20.05561,97.991355,လင်းခေး
township_014019,Mongnai,MMR014019,district_014D003,20.63544,98.082265,မိုးနဲ
township_014020,Mawkmai,MMR014020,district_014D003,20.2305,97.72369,မောက်မယ်
township_014021,Mongpan,MMR014021,district_014D003,20.3188,98.3541,မိုင်းပန်
township_015001,Lashio,MMR015001,district_015D001,22.95277,97.74747,လားရှိုး
township_015002,Hseni,MMR015002,district_015D001,23.3072,97.9736,သိန္နီ
township_015003,Mongyai,MMR015003,district_015D001,22.42762,98.039,မိုင်းရယ်
township_015004,Tangyan,MMR015004,district_015D001,22.4981,98.3968,တန့်ယန်း
township_015005,Pangsang (Panghkam),MMR015005,district_015D007,22.43274,98.882815,ပန်ဆန်း (ပန်ခမ်း)
township_015006,Narphan,MMR015006,district_015D007,22.60793,99.09258,နားဖန်း
township_015007,Pangwaun,MMR015007,district_015D006,23.05628,99.30908,ပန်ဝိုင်
township_015008,Mongmao,MMR015008,district_015D006,22.9672,98.9674,မိုင်းမော
township_015009,Muse,MMR015009,district_015D002,24.0292325,98.01692,မူဆယ်
township_015010,Namhkan,MMR015010,district_015D002,23.837,97.6818,နမ့်ခမ်း
township_015011,Kutkai,MMR015011,district_015D002,23.51759,98.021015,ကွတ်ခိုင်
township_015012,Kyaukme,MMR015012,district_015D003,22.70189333,96.88168,ကျောက်မဲ
township_015013,Nawnghkio,MMR015013,district_015D003,22.33003,96.79895,နောင်ချို
township_015014,Hsipaw,MMR015014,district_015D003,22.61894,97.2981,သီပေါ
township_015015,Namtu,MMR015015,district_015D003,23.09361,97.40049,နမ္မတူ
township_015016,Namhsan,MMR015016,district_015S001,22.96407,97.16126,နမ့်ဆန်
township_015017,Mongmit,MMR015017,district_015D008,23.11422,96.66999,မိုးမိတ်
township_015018,Mabein,MMR015018,district_015D008,23.47292,96.6292,မဘိမ်း
township_015019,Manton,MMR015019,district_015S001,23.24648,97.12222,မန်တုံ
township_015020,Kunlong,MMR015020,district_015D001,23.41645,98.65053,ကွမ်းလုံ
township_015021,Hopang,MMR015021,district_015D006,23.38589333,98.80107333,ဟိုပန်
township_015022,Laukkaing,MMR015022,district_015S002,23.5836,98.794135,လောက်ကိုင်
township_015023,Konkyan,MMR015023,district_015S002,23.96179,98.668065,ကုန်းကြမ်း
township_015024,Matman,MMR015024,district_015D007,21.95417,98.87088,မက်မန်း
township_015201,Konkyan (Kokang SAZ),MMR015201,district_015D221,,,ကုန်းကြမ်း (အထူးဒေသ ၁)
township_015202,Laukkaing (Kokang SAZ),MMR015202,district_015D221,,,လောက်ကိုင် (အထူးဒေသ ၁)
township_015203,Chinshwehaw Sub-township (Kokang SAZ),MMR015203,district_015D221,,,ချင်းရွှေဟော်မြို့နယ်ခွဲ (အထူးဒေသ ၁)
township_015301,Nam Tit,MMR015301,district_015D331,,,နမ့် တစ်
township_015302,Nar Wee (Na Wi),MMR015302,district_015D331,,,နာဝီး
township_015303,Man Tun,MMR015303,district_015D331,,,မန်တွန်း
township_015304,Kawng Min Hsang,MMR015304,district_015D331,,,ကောင်မင်ဆန်း
township_015305,Hsawng Hpa (Saun Pha),MMR015305,district_015D331,,,ဆောင်ဖ
township_015306,Hkun Mar (Hkwin Ma),MMR015306,district_015D331,,,ခွန်းမား
township_015307,Long Htan,MMR015307,district_015D331,,,လုံထန်
township_015308,Yawng Lin,MMR015308,district_015D331,,,ယောင်လင်း
township_015309,Lin Haw,MMR015309,district_015D331,,,လင်ဟော်
township_015310,Ka Lawng Hpar,MMR015310,district_015D331,,,ကလောင်ဖါ
township_015311,Aik Chan (Ai' Chun),MMR015311,district_015D331,,,အိုက်ချန်
township_015312,Yin Pang,MMR015312,district_015D331,,,ရင်ဖန့်
township_015313,Man Man Hseng,MMR015313,district_015D332,,,မန်မန်ဆိုင်
township_015314,Nawng Hkit,MMR015314,district_015D332,,,နောင်ခစ်
township_015315,Nam Hkam Wu,MMR015315,district_015D332,,,နမ်ခမ်းဝူး
township_015316,Nar Kawng,MMR015316,district_015D332,,,နားကောင်
township_015317,Pang Hkam,MMR015317,district_015D332,,,ပန်ခမ့်
township_015318,Pang Yang,MMR015318,district_015D332,,,ပန်ယန်း
township_016001,Kengtung,MMR016001,district_016D001,21.29189,99.6036,ကျိုင်းတုံ
township_016002,Mongkhet,MMR016002,district_016D001,21.7499,99.46377,မိုင်းခတ်
township_016003,Mongyang,MMR016003,district_016D001,21.925275,99.498605,မိုင်းယန်း
township_016005,Mongla,MMR016005,district_016D001,21.6729,100.01867,မိုင်းလား
township_016006,Monghsat,MMR016006,district_016D002,20.62296,99.35542,မိုင်းဆတ်
township_016007,Mongping,MMR016007,district_016D001,21.34012,99.156905,မိုင်းပျဉ်း
township_016008,Mongton,MMR016008,district_016D002,19.99687,98.80178667,မိုင်းတုံ
township_016009,Tachileik,MMR016009,district_016D003,20.67755333,100.1703667,တာချီလိတ်
township_016010,Monghpyak,MMR016010,district_016D003,20.87804,99.92333,မိုင်းဖြတ်
township_016011,Mongyawng,MMR016011,district_016D003,21.25523,100.45436,မိုင်းယောင်း
township_016319,Mong Hpen,MMR016319,district_016D333,,,မိုင်းဖျန်
township_016320,Ho Tawng (Ho Tao),MMR016320,district_016D333,22.04143,99.55067,ဟိုတောင်း
township_016321,Mong Pawk,MMR016321,district_016D333,22.00822,99.3101,မိုင်းပေါက်
township_016322,Mong Kar,MMR016322,district_016D333,,,မိုင်းကာ
township_016323,Nam Hpai,MMR016323,district_016D333,,,နမ့်ဖိုင်
township_017001,Pathein,MMR017001,district_017D001,16.9198675,94.5065425,ပုသိမ်
township_017002,Kangyidaunt,MMR017002,district_017D001,16.9329,94.89476,ကန်ကြီးထောင့်
township_017003,Thabaung,MMR017003,district_017D001,17.04734,94.80589,သာပေါင်း
township_017004,Ngapudaw,MMR017004,district_017D001,16.36000333,94.44608333,ငပုတော
township_017005,Kyonpyaw,MMR017005,district_017D001,17.324275,95.266825,ကျုံပျော်
township_017006,Yegyi,MMR017006,district_017D001,17.31452333,95.09376333,ရေကြည်
township_017007,Kyaunggon,MMR017007,district_017D001,17.10768,95.1904,ကျောင်းကုန်း
township_017008,Hinthada,MMR017008,district_017D002,17.61769333,95.41432667,ဟင်္သာတ
township_017009,Zalun,MMR017009,district_017D002,17.4781,95.55666,ဇလွန်
township_017010,Lemyethna,MMR017010,district_017D002,17.60038,95.17454,လေးမျက်နှာ
township_017011,Myanaung,MMR017011,district_017D002,18.19870667,95.32272,မြန်အောင်
township_017012,Kyangin,MMR017012,district_017D002,18.320395,95.193085,ကြံခင်း
township_017013,Ingapu,MMR017013,district_017D002,17.89401,95.25293,အင်္ဂပူ
township_017014,Myaungmya,MMR017014,district_017D003,16.59926,94.92977,မြောင်းမြ
township_017015,Einme,MMR017015,district_017D003,16.8962,95.1805,အိမ်မဲ
township_017016,Labutta,MMR017016,district_017D004,16.05739,94.78318667,လပွတ္တာ
township_017017,Wakema,MMR017017,district_017D003,16.52093,95.156155,ဝါးခယ်မ
township_017018,Mawlamyinegyun,MMR017018,district_017D004,16.37894,95.26298,မော်လမြိုင်ကျွန်း
township_017019,Maubin,MMR017019,district_017D005,16.73023,95.6494,မအူပင်
township_017020,Pantanaw,MMR017020,district_017D005,16.98212,95.46595,ပန်းတနော်
township_017021,Nyaungdon,MMR017021,district_017D005,17.04903,95.63359,ညောင်တုန်း
township_017022,Danubyu,MMR017022,district_017D005,17.25468,95.59583,ဓနုဖြူ
township_017023,Pyapon,MMR017023,district_017D006,16.045505,95.48518,ဖျာပုံ
township_017024,Bogale,MMR017024,district_017D006,16.295,95.3968,ဘိုကလေး
township_017025,Kyaiklat,MMR017025,district_017D006,16.44431,95.72614,ကျိုက်လတ်
township_017026,Dedaye,MMR017026,district_017D006,16.40806,95.88512,ဒေးဒရဲ
township_018001,Zay Yar Thi Ri,MMR018001,district_018D001,19.83263,96.24733,ဇေယျာသီရိ
township_018002,Za Bu Thi Ri,MMR018002,district_018D002,19.76867,96.07261,ဇမ္ဗူသီရိ
township_018003,Tatkon,MMR018003,district_018D001,20.13041,96.20297,တပ်ကုန်း
township_018004,Det Khi Na Thi Ri,MMR018004,district_018D002,19.70026,96.0905,ဒက္ခိဏသီရိ
township_018005,Poke Ba Thi Ri,MMR018005,district_018D001,19.84383,96.18252,ပုဗ္ဗသီရိ
township_018006,Pyinmana,MMR018006,district_018D002,19.7361,96.20895,ပျဉ်းမနား
township_018007,Lewe,MMR018007,district_018D002,19.63467,96.11007,လယ်ဝေး
township_018008,Oke Ta Ra Thi Ri,MMR018008,district_018D001,19.891,96.043,ဥတ္တရသီရိ
